chrom	start	end	strand	gene_name	gene_id	population	genetic_background	haplotype_index	block_ID	block_type	block_variants	raw_delta_pos	masked_delta_pos	raw_delta	masked_delta
chr7	117546107	117551129	+	CFTR	ENSG00000001626.18	BASE	BASE	NA	H0	HAPLOTYPE	chr7-117548607-T-TGTGT.chr7-117548629-TTT-T			0.152	0.008
chr7	117546107	117551107	+	CFTR	ENSG00000001626.18	BASE	BASE	NA	S117548607	SINGLE_VARIANT	chr7-117548607-T-TGTGT			0.05	0.003
chr7	117546129	117551129	+	CFTR	ENSG00000001626.18	BASE	BASE	NA	S117548629	SINGLE_VARIANT	chr7-117548629-TTT-T			0.074	0.005
chr7	117546107	117551129	+	CFTR	ENSG00000001626.18	NRG	HG02818	A	H0	HAPLOTYPE	chr7-117547407-T-C.chr7-117547605-T-C.chr7-117547768-G-A.chr7-117548333-G-GGTGTGTGTGT.chr7-117548607-T-TGTGT.chr7-117548628-G-GTT.chr7-117548629-TTT-T.chr7-117549218-G-A.chr7-117550544-T-C.chr7-117550942-T-G			0.069	0.003
chr7	117546107	117551129	+	CFTR	ENSG00000001626.18	NRG	HG03065	A	H0	HAPLOTYPE	chr7-117547407-T-C.chr7-117547605-T-C.chr7-117547768-G-A.chr7-117548333-G-GGTGTGTGTGT.chr7-117548607-T-TGTGT.chr7-117548628-G-GTT.chr7-117548629-TTT-T.chr7-117549218-G-A.chr7-117550544-T-C.chr7-117550942-T-G			0.069	0.003
chr7	117546107	117551129	+	CFTR	ENSG00000001626.18	NRG	HG03065	B	H0	HAPLOTYPE	chr7-117546641-G-A.chr7-117547407-T-C.chr7-117547605-T-C.chr7-117547768-G-A.chr7-117548333-G-GGT.chr7-117548607-T-TGTGT.chr7-117548628-G-GTT.chr7-117548629-TTT-T.chr7-117549218-G-A.chr7-117550544-T-C.chr7-117550942-T-G			0.062	0.004
chr7	117546107	117551129	+	CFTR	ENSG00000001626.18	NRG	HG02011	A	H0	HAPLOTYPE	chr7-117546641-G-A.chr7-117547407-T-C.chr7-117547605-T-C.chr7-117547768-G-A.chr7-117548333-G-GGT.chr7-117548607-T-TGTGT.chr7-117548628-G-GTT.chr7-117548629-TTT-T.chr7-117549218-G-A.chr7-117550544-T-C.chr7-117550942-T-G			0.062	0.004
chr7	117546107	117551129	+	CFTR	ENSG00000001626.18	NRG	HG03371	B	H0	HAPLOTYPE	chr7-117548333-G-GGT.chr7-117548607-T-TGTGT.chr7-117548629-TTT-T.chr7-117550012-C-T.chr7-117550329-CA-C.chr7-117550649-C-T			0.164	0.009
chr7	117546107	117551129	+	CFTR	ENSG00000001626.18	NRG	NA19238	B	H0	HAPLOTYPE	chr7-117546957-G-A.chr7-117547407-T-C.chr7-117547605-T-C.chr7-117547768-G-A.chr7-117548333-G-GGTGTGTGTGT.chr7-117548607-T-TGTGT.chr7-117548628-G-T.chr7-117548629-TTT-T.chr7-117549218-G-A.chr7-117550544-T-C.chr7-117550942-T-G			0.082	0.003
chr7	117546107	117551129	+	CFTR	ENSG00000001626.18	NRG	NA19239	B	H0	HAPLOTYPE	chr7-117548607-T-TGTGT.chr7-117548628-G-T.chr7-117548629-TTT-T.chr7-117550012-C-T			0.066	0.005
chr7	117546107	117551129	+	CFTR	ENSG00000001626.18	NRG	NA19983	A	H0	HAPLOTYPE	chr7-117547407-T-C.chr7-117547605-T-C.chr7-117547768-G-A.chr7-117548333-G-GGTGTGTGTGT.chr7-117548607-T-TGTGT.chr7-117548628-G-GTT.chr7-117548629-TTT-T.chr7-117549218-G-A.chr7-117550544-T-C.chr7-117550942-T-G			0.069	0.003
chr7	117546107	117551129	+	CFTR	ENSG00000001626.18	NRG	NA19983	B	H0	HAPLOTYPE	chr7-117548607-T-TGTGT.chr7-117548629-TTT-T			0.152	0.008
chr7	117546107	117551129	+	CFTR	ENSG00000001626.18	NRG	HG00731	B	H0	HAPLOTYPE	chr7-117546957-G-A.chr7-117547407-T-C.chr7-117547605-T-C.chr7-117547768-G-A.chr7-117548333-G-GGTGTGTGTGT.chr7-117548607-T-TGTGT.chr7-117548628-G-T.chr7-117548629-TTT-T.chr7-117549218-G-A.chr7-117550544-T-C.chr7-117550942-T-G			0.082	0.003
chr7	117546107	117551129	+	CFTR	ENSG00000001626.18	NRG	HG00732	A	H0	HAPLOTYPE	chr7-117548607-T-TGTGT.chr7-117548629-TTT-T			0.152	0.008
chr7	117546107	117551129	+	CFTR	ENSG00000001626.18	NRG	HG00732	B	H0	HAPLOTYPE	chr7-117547407-T-C.chr7-117547605-T-C.chr7-117547768-G-A.chr7-117548333-G-GGTGTGTGTGT.chr7-117548607-T-TGTGT.chr7-117548628-G-GTT.chr7-117548629-TTT-T.chr7-117549218-G-A.chr7-117550544-T-C.chr7-117550942-T-G			0.069	0.003
chr7	117546107	117551129	+	CFTR	ENSG00000001626.18	NRG	HG01114	A	H0	HAPLOTYPE	chr7-117548607-T-TGTGT.chr7-117548629-TTT-T			0.152	0.008
chr7	117546107	117551129	+	CFTR	ENSG00000001626.18	NRG	HG01114	B	H0	HAPLOTYPE	chr7-117548333-G-GGT.chr7-117548607-T-TGTGT.chr7-117548629-TTT-T			0.164	0.009
chr7	117546107	117551129	+	CFTR	ENSG00000001626.18	NRG	NA19650	A	H0	HAPLOTYPE	chr7-117548607-T-TGTGT.chr7-117548629-TTT-T			0.152	0.008
chr7	117546107	117551129	+	CFTR	ENSG00000001626.18	NRG	NA19650	B	H0	HAPLOTYPE	chr7-117548607-T-TGTGT.chr7-117548629-TTT-T.chr7-117550329-C-CA			0.152	0.008
chr7	117546107	117551129	+	CFTR	ENSG00000001626.18	NRG	HG00864	A	H0	HAPLOTYPE	chr7-117548607-T-TGTGT.chr7-117548628-G-GTT.chr7-117548629-TTT-T			0.069	0.005
chr7	117546107	117551129	+	CFTR	ENSG00000001626.18	NRG	HG00864	B	H0	HAPLOTYPE	chr7-117548607-T-TGTGT.chr7-117548629-TTT-T			0.152	0.008
chr7	117546107	117551129	+	CFTR	ENSG00000001626.18	NRG	HG00513	A	H0	HAPLOTYPE	chr7-117546641-G-A.chr7-117546921-GA-G.chr7-117547407-T-C.chr7-117547605-T-C.chr7-117547768-G-A.chr7-117548333-G-GGT.chr7-117548607-T-TGTGT.chr7-117548628-G-GTT.chr7-117548629-TTT-T.chr7-117549218-G-A.chr7-117550544-T-C.chr7-117550942-T-G			0.068	0.005
chr7	117546107	117551129	+	CFTR	ENSG00000001626.18	NRG	HG00513	B	H0	HAPLOTYPE	chr7-117546641-G-A.chr7-117547407-T-C.chr7-117547605-T-C.chr7-117547768-G-A.chr7-117548111-T-G.chr7-117548333-G-GGT.chr7-117548607-T-TGTGT.chr7-117548628-G-GTT.chr7-117548629-TTT-T.chr7-117549218-G-A.chr7-117550544-T-C.chr7-117550942-T-G			0.064	0.004
chr7	117546107	117551129	+	CFTR	ENSG00000001626.18	NRG	HG00512	A	H0	HAPLOTYPE	chr7-117548607-T-TGTGT.chr7-117548629-TTT-T			0.152	0.008
chr7	117546107	117551129	+	CFTR	ENSG00000001626.18	NRG	HG00512	B	H0	HAPLOTYPE	chr7-117548607-T-TGTGT.chr7-117548629-TTT-T			0.152	0.008
chr7	117546107	117551129	+	CFTR	ENSG00000001626.18	NRG	HG01596	A	H0	HAPLOTYPE	chr7-117546641-G-A.chr7-117547407-T-C.chr7-117547605-T-C.chr7-117547768-G-A.chr7-117548333-G-GGT.chr7-117548607-T-TGTGT.chr7-117548628-G-GTT.chr7-117548629-TTT-T.chr7-117549218-G-A.chr7-117550544-T-C.chr7-117550942-T-TG			0.062	0.003
chr7	117546107	117551129	+	CFTR	ENSG00000001626.18	NRG	HG01596	B	H0	HAPLOTYPE	chr7-117548607-T-TGTGT.chr7-117548629-TTT-T			0.152	0.008
chr7	117546107	117551129	+	CFTR	ENSG00000001626.18	NRG	NA18939	A	H0	HAPLOTYPE	chr7-117548333-G-GGT.chr7-117548607-T-TGTGT.chr7-117548629-TTT-T			0.164	0.009
chr7	117546107	117551129	+	CFTR	ENSG00000001626.18	NRG	NA18939	B	H0	HAPLOTYPE	chr7-117548607-T-TGTGT.chr7-117548629-TTT-T			0.152	0.008
chr7	117546107	117551129	+	CFTR	ENSG00000001626.18	NRG	HG00096	A	H0	HAPLOTYPE	chr7-117548607-T-TGTGT.chr7-117548629-TTT-T			0.152	0.008
chr7	117546107	117551129	+	CFTR	ENSG00000001626.18	NRG	HG00096	B	H0	HAPLOTYPE	chr7-117548333-G-GGT.chr7-117548607-T-TGTGT.chr7-117548629-TTT-T			0.164	0.009
chr7	117546107	117551129	+	CFTR	ENSG00000001626.18	NRG	NA12329	A	H0	HAPLOTYPE	chr7-117548607-T-TGTGT.chr7-117548629-TTT-T			0.152	0.008
chr7	117546107	117551129	+	CFTR	ENSG00000001626.18	NRG	NA12329	B	H0	HAPLOTYPE	chr7-117548607-T-TGTGT.chr7-117548629-TTT-T			0.152	0.008
chr7	117546107	117551129	+	CFTR	ENSG00000001626.18	NRG	HG01505	A	H0	HAPLOTYPE	chr7-117546957-G-A.chr7-117547407-T-C.chr7-117547605-T-C.chr7-117547768-G-A.chr7-117548333-G-GGTGTGTGTGT.chr7-117548607-T-TGTGT.chr7-117548628-G-T.chr7-117548629-TTT-T.chr7-117549218-G-A.chr7-117550544-T-C.chr7-117550942-T-G			0.082	0.003
chr7	117546107	117551129	+	CFTR	ENSG00000001626.18	NRG	NA12878	A	H0	HAPLOTYPE	chr7-117548607-T-TGTGT.chr7-117548629-TTT-T			0.152	0.008
chr7	117546107	117551129	+	CFTR	ENSG00000001626.18	NRG	NA12878	B	H0	HAPLOTYPE	chr7-117548607-T-TGTGT.chr7-117548629-TTT-T			0.152	0.008
chr7	117546107	117551129	+	CFTR	ENSG00000001626.18	NRG	NA24385	B	H0	HAPLOTYPE	chr7-117546641-G-A.chr7-117547407-T-C.chr7-117547605-T-C.chr7-117547768-G-A.chr7-117548333-G-GGT.chr7-117548607-T-TGTGT.chr7-117548628-G-GTT.chr7-117548629-TTT-T.chr7-117549218-G-A.chr7-117550544-T-C.chr7-117550942-T-G			0.062	0.004
chr7	117546107	117551129	+	CFTR	ENSG00000001626.18	NRG	HG02492	A	H0	HAPLOTYPE	chr7-117546641-G-A.chr7-117547407-T-C.chr7-117547605-T-C.chr7-117547768-G-A.chr7-117548333-G-GGT.chr7-117548607-T-TGTGT.chr7-117548628-G-GTT.chr7-117548629-TTT-T.chr7-117549218-G-A.chr7-117550544-T-C.chr7-117550942-T-G			0.062	0.004
chr7	117546107	117551129	+	CFTR	ENSG00000001626.18	NRG	HG02492	B	H0	HAPLOTYPE	chr7-117546641-G-A.chr7-117547407-T-C.chr7-117547605-T-C.chr7-117547768-G-A.chr7-117548333-G-GGT.chr7-117548607-T-TGTGT.chr7-117548628-G-GTT.chr7-117548629-TTT-T.chr7-117549218-G-A.chr7-117550544-T-C.chr7-117550942-T-G			0.062	0.004
chr7	117546107	117551129	+	CFTR	ENSG00000001626.18	NRG	HG03009	A	H0	HAPLOTYPE	chr7-117548607-T-TGTGT.chr7-117548629-TTT-T.chr7-117550329-C-CA			0.152	0.008
chr7	117546107	117551129	+	CFTR	ENSG00000001626.18	NRG	HG03009	B	H0	HAPLOTYPE	chr7-117548607-T-TGTGT.chr7-117548629-TTT-T.chr7-117550329-C-CA			0.152	0.008
chr7	117546107	117551129	+	CFTR	ENSG00000001626.18	NRG	HG03683	A	H0	HAPLOTYPE	chr7-117548607-T-TGTGT.chr7-117548629-TTT-T			0.152	0.008
chr7	117546107	117551129	+	CFTR	ENSG00000001626.18	NRG	HG03683	B	H0	HAPLOTYPE	chr7-117548607-T-TGTGT.chr7-117548629-TTT-T			0.152	0.008
chr7	117546107	117551129	+	CFTR	ENSG00000001626.18	NRG	NA20847	A	H0	HAPLOTYPE	chr7-117548607-T-TGTGT.chr7-117548629-TTT-T.chr7-117549892-C-T			0.158	0.009
